{
  "DELETE /todos/1" : {
    "transaction" : "DELETE /todos/1",
    "sampleCount" : 100,
    "errorCount" : 0,
    "errorPct" : 0.0,
    "meanResTime" : 53.91999999999998,
    "medianResTime" : 52.5,
    "minResTime" : 11.0,
    "maxResTime" : 108.0,
    "pct1ResTime" : 72.80000000000001,
    "pct2ResTime" : 83.94999999999999,
    "pct3ResTime" : 108.0,
    "throughput" : 40.983606557377044,
    "receivedKBytesPerSec" : 6.283619364754099,
    "sentKBytesPerSec" : 8.524910348360656
  },
  "PUT /todos/1" : {
    "transaction" : "PUT /todos/1",
    "sampleCount" : 100,
    "errorCount" : 95,
    "errorPct" : 95.0,
    "meanResTime" : 48.10000000000001,
    "medianResTime" : 48.0,
    "minResTime" : 7.0,
    "maxResTime" : 89.0,
    "pct1ResTime" : 67.0,
    "pct2ResTime" : 72.94999999999999,
    "pct3ResTime" : 88.86999999999993,
    "throughput" : 40.816326530612244,
    "receivedKBytesPerSec" : 6.7103794642857135,
    "sentKBytesPerSec" : 11.838329081632653
  },
  "Total" : {
    "transaction" : "Total",
    "sampleCount" : 400,
    "errorCount" : 95,
    "errorPct" : 23.75,
    "meanResTime" : 55.407499999999985,
    "medianResTime" : 53.0,
    "minResTime" : 7.0,
    "maxResTime" : 134.0,
    "pct1ResTime" : 76.0,
    "pct2ResTime" : 89.0,
    "pct3ResTime" : 127.99000000000001,
    "throughput" : 150.43249341857842,
    "receivedKBytesPerSec" : 46.74682387645732,
    "sentKBytesPerSec" : 34.26305707032719
  },
  "POST /todos" : {
    "transaction" : "POST /todos",
    "sampleCount" : 100,
    "errorCount" : 0,
    "errorPct" : 0.0,
    "meanResTime" : 65.79000000000002,
    "medianResTime" : 66.0,
    "minResTime" : 16.0,
    "maxResTime" : 134.0,
    "pct1ResTime" : 94.80000000000001,
    "pct2ResTime" : 111.94999999999999,
    "pct3ResTime" : 133.99,
    "throughput" : 40.30632809351068,
    "receivedKBytesPerSec" : 9.207476823861347,
    "sentKBytesPerSec" : 11.726622329705764
  },
  "GET /todos" : {
    "transaction" : "GET /todos",
    "sampleCount" : 100,
    "errorCount" : 0,
    "errorPct" : 0.0,
    "meanResTime" : 53.82,
    "medianResTime" : 51.0,
    "minResTime" : 13.0,
    "maxResTime" : 129.0,
    "pct1ResTime" : 71.80000000000001,
    "pct2ResTime" : 88.74999999999994,
    "pct3ResTime" : 128.99,
    "throughput" : 38.40245775729647,
    "receivedKBytesPerSec" : 26.76021265360983,
    "sentKBytesPerSec" : 4.687800019201228
  }
}