{
  "DELETE /todos/1" : {
    "transaction" : "DELETE /todos/1",
    "sampleCount" : 100,
    "errorCount" : 0,
    "errorPct" : 0.0,
    "meanResTime" : 14.690000000000001,
    "medianResTime" : 15.0,
    "minResTime" : 2.0,
    "maxResTime" : 33.0,
    "pct1ResTime" : 23.900000000000006,
    "pct2ResTime" : 25.0,
    "pct3ResTime" : 32.969999999999985,
    "throughput" : 116.27906976744185,
    "receivedKBytesPerSec" : 17.82794331395349,
    "sentKBytesPerSec" : 24.186954941860467
  },
  "PUT /todos/1" : {
    "transaction" : "PUT /todos/1",
    "sampleCount" : 100,
    "errorCount" : 51,
    "errorPct" : 51.0,
    "meanResTime" : 12.700000000000001,
    "medianResTime" : 13.0,
    "minResTime" : 3.0,
    "maxResTime" : 32.0,
    "pct1ResTime" : 19.0,
    "pct2ResTime" : 21.0,
    "pct3ResTime" : 31.91999999999996,
    "throughput" : 114.54753722794959,
    "receivedKBytesPerSec" : 22.129823525200457,
    "sentKBytesPerSec" : 33.22326030927835
  },
  "Total" : {
    "transaction" : "Total",
    "sampleCount" : 400,
    "errorCount" : 51,
    "errorPct" : 12.75,
    "meanResTime" : 15.512500000000019,
    "medianResTime" : 14.0,
    "minResTime" : 2.0,
    "maxResTime" : 127.0,
    "pct1ResTime" : 23.0,
    "pct2ResTime" : 26.0,
    "pct3ResTime" : 120.30000000000064,
    "throughput" : 381.31553860819827,
    "receivedKBytesPerSec" : 87.65230278836988,
    "sentKBytesPerSec" : 86.764180171592
  },
  "POST /todos" : {
    "transaction" : "POST /todos",
    "sampleCount" : 100,
    "errorCount" : 0,
    "errorPct" : 0.0,
    "meanResTime" : 16.63,
    "medianResTime" : 15.0,
    "minResTime" : 3.0,
    "maxResTime" : 51.0,
    "pct1ResTime" : 26.0,
    "pct2ResTime" : 35.59999999999991,
    "pct3ResTime" : 50.929999999999964,
    "throughput" : 110.74197120708747,
    "receivedKBytesPerSec" : 25.198124307862678,
    "sentKBytesPerSec" : 32.11949750830565
  },
  "GET /todos" : {
    "transaction" : "GET /todos",
    "sampleCount" : 100,
    "errorCount" : 0,
    "errorPct" : 0.0,
    "meanResTime" : 18.030000000000005,
    "medianResTime" : 14.0,
    "minResTime" : 2.0,
    "maxResTime" : 127.0,
    "pct1ResTime" : 24.0,
    "pct2ResTime" : 28.94999999999999,
    "pct3ResTime" : 126.99,
    "throughput" : 96.43201542912247,
    "receivedKBytesPerSec" : 33.30953923577628,
    "sentKBytesPerSec" : 11.771486258437802
  }
}