{
  "DELETE /todos/1" : {
    "transaction" : "DELETE /todos/1",
    "sampleCount" : 100,
    "errorCount" : 0,
    "errorPct" : 0.0,
    "meanResTime" : 31.959999999999994,
    "medianResTime" : 32.0,
    "minResTime" : 5.0,
    "maxResTime" : 73.0,
    "pct1ResTime" : 45.0,
    "pct2ResTime" : 51.89999999999998,
    "pct3ResTime" : 72.87999999999994,
    "throughput" : 71.99424046076314,
    "receivedKBytesPerSec" : 11.038179445644348,
    "sentKBytesPerSec" : 14.975364470842333
  },
  "PUT /todos/1" : {
    "transaction" : "PUT /todos/1",
    "sampleCount" : 100,
    "errorCount" : 95,
    "errorPct" : 95.0,
    "meanResTime" : 22.37,
    "medianResTime" : 23.0,
    "minResTime" : 5.0,
    "maxResTime" : 40.0,
    "pct1ResTime" : 32.0,
    "pct2ResTime" : 35.94999999999999,
    "pct3ResTime" : 40.0,
    "throughput" : 71.53075822603721,
    "receivedKBytesPerSec" : 11.759964011087268,
    "sentKBytesPerSec" : 20.746714055793994
  },
  "Total" : {
    "transaction" : "Total",
    "sampleCount" : 400,
    "errorCount" : 95,
    "errorPct" : 23.75,
    "meanResTime" : 30.332499999999996,
    "medianResTime" : 29.0,
    "minResTime" : 5.0,
    "maxResTime" : 169.0,
    "pct1ResTime" : 44.0,
    "pct2ResTime" : 49.94999999999999,
    "pct3ResTime" : 161.1100000000008,
    "throughput" : 248.4472049689441,
    "receivedKBytesPerSec" : 68.56863839285714,
    "sentKBytesPerSec" : 56.58724767080745
  },
  "POST /todos" : {
    "transaction" : "POST /todos",
    "sampleCount" : 100,
    "errorCount" : 0,
    "errorPct" : 0.0,
    "meanResTime" : 31.549999999999994,
    "medianResTime" : 30.0,
    "minResTime" : 8.0,
    "maxResTime" : 69.0,
    "pct1ResTime" : 46.900000000000006,
    "pct2ResTime" : 51.94999999999999,
    "pct3ResTime" : 68.92999999999996,
    "throughput" : 70.47216349541931,
    "receivedKBytesPerSec" : 16.098484848484848,
    "sentKBytesPerSec" : 20.502995066948554
  },
  "GET /todos" : {
    "transaction" : "GET /todos",
    "sampleCount" : 100,
    "errorCount" : 0,
    "errorPct" : 0.0,
    "meanResTime" : 35.45,
    "medianResTime" : 31.5,
    "minResTime" : 5.0,
    "maxResTime" : 169.0,
    "pct1ResTime" : 47.900000000000006,
    "pct2ResTime" : 56.94999999999999,
    "pct3ResTime" : 168.99,
    "throughput" : 62.893081761006286,
    "receivedKBytesPerSec" : 35.08131878930818,
    "sentKBytesPerSec" : 7.677378144654088
  }
}