{
  "DELETE /todos/1" : {
    "transaction" : "DELETE /todos/1",
    "sampleCount" : 100,
    "errorCount" : 0,
    "errorPct" : 0.0,
    "meanResTime" : 15.420000000000003,
    "medianResTime" : 14.0,
    "minResTime" : 2.0,
    "maxResTime" : 41.0,
    "pct1ResTime" : 25.900000000000006,
    "pct2ResTime" : 29.899999999999977,
    "pct3ResTime" : 40.969999999999985,
    "throughput" : 105.59662090813093,
    "receivedKBytesPerSec" : 16.19010691657867,
    "sentKBytesPerSec" : 21.96492212249208
  },
  "PUT /todos/1" : {
    "transaction" : "PUT /todos/1",
    "sampleCount" : 100,
    "errorCount" : 96,
    "errorPct" : 96.0,
    "meanResTime" : 10.129999999999999,
    "medianResTime" : 9.0,
    "minResTime" : 2.0,
    "maxResTime" : 26.0,
    "pct1ResTime" : 18.0,
    "pct2ResTime" : 20.0,
    "pct3ResTime" : 25.95999999999998,
    "throughput" : 104.82180293501048,
    "receivedKBytesPerSec" : 17.164570230607968,
    "sentKBytesPerSec" : 30.40241745283019
  },
  "Total" : {
    "transaction" : "Total",
    "sampleCount" : 400,
    "errorCount" : 96,
    "errorPct" : 24.0,
    "meanResTime" : 13.875,
    "medianResTime" : 12.0,
    "minResTime" : 2.0,
    "maxResTime" : 62.0,
    "pct1ResTime" : 23.0,
    "pct2ResTime" : 27.0,
    "pct3ResTime" : 40.97000000000003,
    "throughput" : 383.8771593090211,
    "receivedKBytesPerSec" : 107.97201145633397,
    "sentKBytesPerSec" : 87.43327135316699
  },
  "POST /todos" : {
    "transaction" : "POST /todos",
    "sampleCount" : 100,
    "errorCount" : 0,
    "errorPct" : 0.0,
    "meanResTime" : 15.449999999999992,
    "medianResTime" : 15.5,
    "minResTime" : 3.0,
    "maxResTime" : 33.0,
    "pct1ResTime" : 24.0,
    "pct2ResTime" : 27.0,
    "pct3ResTime" : 32.97999999999999,
    "throughput" : 103.84215991692628,
    "receivedKBytesPerSec" : 23.721443406022846,
    "sentKBytesPerSec" : 30.21157840083074
  },
  "GET /todos" : {
    "transaction" : "GET /todos",
    "sampleCount" : 100,
    "errorCount" : 0,
    "errorPct" : 0.0,
    "meanResTime" : 14.500000000000007,
    "medianResTime" : 12.0,
    "minResTime" : 2.0,
    "maxResTime" : 62.0,
    "pct1ResTime" : 24.80000000000001,
    "pct2ResTime" : 27.0,
    "pct3ResTime" : 62.0,
    "throughput" : 96.80542110358179,
    "receivedKBytesPerSec" : 56.10460279525654,
    "sentKBytesPerSec" : 11.817068005808327
  }
}