{
  "Total" : {
    "transaction" : "Total",
    "sampleCount" : 30,
    "errorCount" : 30,
    "errorPct" : 100.0,
    "meanResTime" : 5.433333333333335,
    "medianResTime" : 1.0,
    "minResTime" : 0.0,
    "maxResTime" : 97.0,
    "pct1ResTime" : 5.900000000000002,
    "pct2ResTime" : 55.199999999999946,
    "pct3ResTime" : 97.0,
    "throughput" : 3.4969110618953256,
    "receivedKBytesPerSec" : 7.680227517775964,
    "sentKBytesPerSec" : 0.0
  },
  "GET /users" : {
    "transaction" : "GET /users",
    "sampleCount" : 10,
    "errorCount" : 10,
    "errorPct" : 100.0,
    "meanResTime" : 1.6,
    "medianResTime" : 1.0,
    "minResTime" : 0.0,
    "maxResTime" : 5.0,
    "pct1ResTime" : 4.800000000000001,
    "pct2ResTime" : 5.0,
    "pct3ResTime" : 5.0,
    "throughput" : 1.1849745230477544,
    "receivedKBytesPerSec" : 3.0978289044910534,
    "sentKBytesPerSec" : 0.0
  },
  "GET /" : {
    "transaction" : "GET /",
    "sampleCount" : 10,
    "errorCount" : 10,
    "errorPct" : 100.0,
    "meanResTime" : 11.2,
    "medianResTime" : 1.0,
    "minResTime" : 1.0,
    "maxResTime" : 97.0,
    "pct1ResTime" : 87.70000000000003,
    "pct2ResTime" : 97.0,
    "pct3ResTime" : 97.0,
    "throughput" : 1.1660447761194028,
    "receivedKBytesPerSec" : 3.0483416656949625,
    "sentKBytesPerSec" : 0.0
  },
  "POST /users" : {
    "transaction" : "POST /users",
    "sampleCount" : 10,
    "errorCount" : 10,
    "errorPct" : 100.0,
    "meanResTime" : 3.5,
    "medianResTime" : 1.0,
    "minResTime" : 0.0,
    "maxResTime" : 21.0,
    "pct1ResTime" : 19.500000000000007,
    "pct2ResTime" : 21.0,
    "pct3ResTime" : 21.0,
    "throughput" : 1.181753722524226,
    "receivedKBytesPerSec" : 1.6076005229260222,
    "sentKBytesPerSec" : 0.0
  }
}